id,sender_automation_value_set_id,code,display,version
1,1,F,Female,
2,1,F,Woman,
3,1,F,F,
4,1,M,Male,
5,1,M,Man,
6,1,M,M,
7,1,U,U,
8,1,U,UNK,
9,1,U,UNKNOWN,
10,1,O,O,
11,1,O,Other,
12,1,O,OTH,
13,1,A,A,
14,1,A,Ambiguous,
1,2,2106-3,White,
2,2,2106-3,W,
3,2,2106-3,Caucasian,
4,2,2106-3,C,
5,2,2106-3,2106-3,
6,2,1002-5,American Indian or Alaska Native,
7,2,1002-5,American Indian,
8,2,1002-5,Native American,
9,2,1002-5,1002-5,
10,2,2054-5,Black or African American,
11,2,2054-5,African American,
12,2,2054-5,African American Alaska Native,
13,2,2054-5,African American Black,
14,2,2054-5,Black,
15,2,2054-5,B,
16,2,2054-5,2054-5,
17,2,2076-8,Native Hawaiian or Other Pacific Islander,
18,2,2076-8,Hawaiian,
19,2,2076-8,NH,
20,2,2076-8,2076-8,
21,2,2131-1,Other,
22,2,2131-1,OTH,
23,2,2131-1,O,
24,2,2131-1,Other Race,
25,2,2131-1,Other Race White,
26,2,2131-1,"Other Race,White",
27,2,2131-1,Other Race Black,
28,2,2131-1,"Other Race,Black",
29,2,2131-1,2131-1,
30,2,2028-9,Asian,
31,2,2028-9,Asian Indian,
32,2,2028-9,2028-9,
33,2,UNK,Unknown,
34,2,UNK,UNK,
35,2,UNK,U,
36,2,UNK,Patient Declines,
37,2,UNK,,
38,2,ASKU,"Asked, but unknown",
39,2,ASKU,ASKU,
1,3,H,Hispanic or Latino,
2,3,H,Hispanic,
3,3,H,Latino,
4,3,H,Mex. Amer./Hispanic,
5,3,H,2135-2,
6,3,H,H,
7,3,N,Non Hispanic or Latino,
8,3,N,Non-Hispanic or Latino,
9,3,N,Non Hispanic,
10,3,N,Non-Hispanic,
11,3,N,Not Hispanic or Latino,
12,3,N,Not Hispanic,
13,3,N,2186-5,
14,3,N,N,
15,3,U,Unknown,
16,3,U,U,
17,3,U,UNK,
18,3,U,Black,
19,3,U,White,
20,3,U,African American,
21,3,U,NULL,
22,3,U,Patient Declines,
1,4,Y,YES,
2,4,Y,Y,
3,4,N,NO,
4,4,N,N,
5,4,UNK,Unknown,
6,4,UNK,U,
7,4,UNK,UNK,
8,4,UNK,N/A,
9,4,UNK,NA,
10,4,UNK,NR,
11,4,UNK,NP,
12,4,UNK,maybe,
1,5,77386006,Pregnant,
2,5,77386006,Currently Pregnant,
3,5,77386006,Y,
4,5,77386006,YES,
5,5,77386006,77386006,
6,5,60001007,Not Pregnant,
7,5,60001007,Not Currently Pregnant,
8,5,60001007,N,
9,5,60001007,NO,
10,5,60001007,60001007,
11,5,261665006,Unknown,
12,5,261665006,U,
13,5,261665006,UNK,
14,5,261665006,N/A,
15,5,261665006,NA,
16,5,261665006,NR,
17,5,261665006,NP,
18,5,261665006,maybe,
19,5,261665006,261665006,
1,6,22232009,Hospital,
2,6,22232009,22232009,
3,6,2081004,Hospital Ship,
4,6,2081004,2081004,
5,6,32074000,Long Term Care Hospital,
6,6,32074000,32074000,
7,6,224929004,Secure Hospital,
8,6,224929004,224929004,
9,6,42665001,Nursing Home,
10,6,42665001,42665001,
11,6,30629002,Retirement Home,
12,6,30629002,30629002,
13,6,74056004,Orphanage,
14,6,74056004,74056004,
15,6,722173008,Prison-based Care Site,
16,6,722173008,Prison Based Care Site,
17,6,722173008,722173008,
18,6,20078004,Substance Abuse Treatment Center,
19,6,20078004,20078004,
20,6,257573002,Boarding House,
21,6,257573002,257573002,
22,6,224683003,Military Accommodation,
23,6,224683003,224683003,
24,6,284546000,Hospice,
25,6,284546000,284546000,
26,6,257628001,Hostel,
27,6,257628001,257628001,
28,6,310207003,Sheltered Housing,
29,6,310207003,310207003,
30,6,57656006,Penal Institution,
31,6,57656006,Prison,
32,6,57656006,Correctional Facility,
33,6,57656006,Jail,
34,6,57656006,County Jail,
35,6,57656006,City Jail,
36,6,57656006,57656006,
37,6,285113009,Religious Institutional Residence,
38,6,285113009,285113009,
39,6,285141008,Work (environment),
40,6,285141008,Work,
41,6,285141008,285141008,
42,6,32911000,Homeless,
1,7,260385009,Negative,
2,7,260385009,Neg,
3,7,260385009,Negative *** High ***,
4,7,260385009,Negative *** Low ***,
5,7,260385009,260385009,
6,7,260415000,Not detected,
7,7,260415000,NDET,
8,7,260415000,260415000,
9,7,260373001,Detected,
10,7,260373001,DET,
11,7,260373001,260373001,
12,7,10828004,Positive,
13,7,10828004,Pos,
14,7,10828004,Positive (Abnormal),
15,7,10828004,Positive (Alpha Abnormal),
16,7,10828004,Positive *** High ***,
17,7,10828004,Positive  *** High ***,
18,7,10828004,Positive  *** Low ***,
19,7,10828004,Positive ,
20,7,10828004,10828004,
21,7,720735008,Presumptive positive,
22,7,720735008,720735008,
23,7,419984006,Inconclusive,
24,7,419984006,Inconclusive Result,
25,7,419984006,419984006,
26,7,42425007,Equivocal,
27,7,42425007,42425007,
28,7,895231008,Not detected in pooled specimen,
29,7,895231008,895231008,
30,7,462371000124108,Detected in pooled specimen,
31,7,462371000124108,462371000124108,
32,7,455371000124106,Invalid result,
33,7,455371000124106,Invalid,
34,7,455371000124106,455371000124106,
35,7,125154007,Specimen unsatisfactory for evaluation,
36,7,125154007,125154007,
37,7,840539006,Disease caused by sever acute respiratory syndrome coronavirus 2 (disorder),20200309
38,7,840539006,840539006,20200309
39,7,840544004,Suspected disease caused by severe acute respiratory coronavirus 2 (situation),20200309
40,7,840544004,840544004,20200309
41,7,840546002,Exposure to severe acute respiratory syndrome coronavirus 2 (event),20200309
42,7,840546002,840546002,20200309
43,7,840533007,Severe acute respiratory syndrome coronavirus 2 (organism),20200309
44,7,840533007,840533007,20200309
45,7,840536004,Antigen of severe acute respiratory syndrome coronavirus 2 (substance),20200309
46,7,840536004,840536004,20200309
47,7,840535000,Antibody to severe acute respiratory syndrome coronavirus 2 (substance),20200309
48,7,840535000,840535000,20200309
49,7,840534001,Severe acute respiratory syndrome coronavirus 2 vaccination (procedure),20200309
50,7,840534001,840534001,20200309
51,7,373121007,Test not done,
52,7,373121007,373121007,
53,7,82334004,Indeterminate,
54,7,82334004,82334004,
1,8,71836000,Nasopharyngeal structure (body structure),
2,8,71836000,Nasopharyngeal swab,
3,8,71836000,258500001,
4,8,71836000,Nasopharyngeal aspirate,
5,8,71836000,258411007,
6,8,71836000,Nasopharyngeal washings,
7,8,71836000,Nasopharyngeal wash,
8,8,71836000,258467004,
9,8,71836000,71836000,
10,8,45206002,Nasal structure (body structure),
11,8,45206002,Nasal aspirate,
12,8,45206002,Nasal aspirate specimen,
13,8,45206002,429931000124105,
14,8,45206002,45206002,
15,8,53342003,Internal nose structure (body structure),
16,8,53342003,Varied,
17,8,53342003,Swab of internal nose,
18,8,53342003,Anterior nares swab,
19,8,53342003,Anterior nasal swab,
20,8,53342003,697989009,
21,8,53342003,Mid-turbinate nasal swab,
22,8,53342003,871810001,
23,8,53342003,Nasal,
24,8,53342003,Nasal Swab,
25,8,53342003,445297001,
26,8,53342003,53342003,
27,8,29092000,Serum,
28,8,29092000,Serum specimen,
29,8,29092000,119364003,
30,8,29092000,Plasma,
31,8,29092000,Plasma specimen,
32,8,29092000,119361006,
33,8,29092000,Whole Blood,
34,8,29092000,Whole Blood Sample,
35,8,29092000,258580003,
36,8,29092000,Blood specimen,
37,8,29092000,119297000,
38,8,29092000,Venous blood specimen,
39,8,29092000,Venous whole blood,
40,8,29092000,122555007,
41,8,29092000,Capillary blood specimen,
42,8,29092000,fingerstick whole blood,
43,8,29092000,122554006,
44,8,29092000,Dried blood spot specimen,
45,8,29092000,Dried blood spot,
46,8,29092000,fingerstick blood dried blood spot,
47,8,29092000,440500007,
48,8,31389004,Throat Swab,
49,8,31389004,Oropharyngeal Swab,
50,8,31389004,258529004,
51,8,31389004,31389004,
52,8,123851003,Sputum specimen,
53,8,123851003,Sputum,
54,8,123851003,119334006,
55,8,123851003,Oral Swab,
56,8,123851003,418932006,
57,8,123851003,Saliva specimen,
58,8,123851003,Saliva,
59,8,123851003,258560004,
60,8,123851003,123851003,
61,8,39607008,Lower respiratory fluid sample,
62,8,39607008,lower respiratory tract aspirates,
63,8,39607008,309171007,
64,8,39607008,Bronchoalveolar lavage fluid sample,
65,8,39607008,Bronchoalveolar lavage fluid,
66,8,39607008,Bronchoalveolar lavage,
67,8,39607008,258607008,
68,8,39607008,39607008,
1,9,445297001,Swab of internal nose,2.67
2,9,445297001,Nasal Swab,2.67
3,9,445297001,Nasal,2.67
4,9,445297001,Varied,2.67
5,9,445297001,445297001,2.67
6,9,258500001,Nasopharyngeal swab,2.67
7,9,258500001,258500001,2.67
8,9,871810001,Mid-turbinate nasal swab,2.67
9,9,871810001,871810001,2.67
10,9,697989009,Anterior nares swab,2.67
11,9,697989009,Anterior nasal swab,2.67
12,9,697989009,697989009,2.67
13,9,258411007,Nasopharyngeal aspirate,2.67
14,9,258411007,258411007,2.67
15,9,258467004,Nasopharyngeal washings,2.67
16,9,258467004,Nasopharyngeal wash,2.67
17,9,258467004,258467004,2.67
18,9,429931000124105,Nasal aspirate,2.67
19,9,429931000124105,Nasal aspirate specimen,2.67
20,9,429931000124105,429931000124105,2.67
21,9,258529004,Throat swab,2.67
22,9,258529004,Oropharyngeal Swab,2.67
23,9,258529004,258529004,2.67
24,9,418932006,Oral Swab,2.67
25,9,418932006,418932006,2.67
26,9,119334006,Sputum specimen,2.67
27,9,119334006,Sputum,2.67
28,9,119334006,119334006,2.67
29,9,258560004,Saliva specimen,2.67
30,9,258560004,Saliva,2.67
31,9,258560004,258560004,2.67
32,9,119364003,Serum specimen,2.67
33,9,119364003,Serum,2.67
34,9,119364003,119364003,2.67
35,9,119361006,Plasma specimen,2.67
36,9,119361006,Plasma,2.67
37,9,119361006,119361006,2.67
38,9,258580003,Whole blood sample,2.67
39,9,258580003,Whole blood,2.67
40,9,258580003,258580003,2.67
41,9,122555007,Venous blood specimen,2.67
42,9,122555007,Venous whole blood,2.67
43,9,122555007,122555007,2.67
44,9,119297000,Blood specimen,2.67
45,9,119297000,119297000,2.67
46,9,122554006,Capillary blood specimen,2.67
47,9,122554006,fingerstick whole blood,2.67
48,9,122554006,122554006,2.67
49,9,440500007,Dried blood spot specimen,2.67
50,9,440500007,Dried blood spot,2.67
51,9,440500007,fingerstick blood dried blood spot,2.67
52,9,440500007,440500007,2.67
53,9,433801000124107,Nasopharyngeal and oropharyngeal swab,2.67
54,9,433801000124107,Nasal and throat swab combination,2.67
55,9,433801000124107,Nasal and throat swab,2.67
56,9,433801000124107,433801000124107,2.67
57,9,309171007,Lower respiratory fluid sample,2.67
58,9,309171007,lower respiratory tract aspirates,2.67
59,9,309171007,309171007,2.67
60,9,258607008,Bronchoalveolar lavage fluid sample,2.67
61,9,258607008,Bronchoalveolar lavage fluid,2.67
62,9,258607008,Bronchoalveolar lavage,2.67
63,9,258607008,258607008,2.67
1,10,AA,Armed Americas,2.67
2,10,AA,Armed Americas (except Canada),2.67
3,10,AA,AA,2.67
4,10,AB,ALBERTA,2.67
5,10,AB,AB,2.67
6,10,AE,"Armed Forces Europe, the Middle East, and Canada",2.67
7,10,AE,AE,2.67
8,10,AL,ALABAMA,2.67
9,10,AL,AL,2.67
10,10,AK,ALASKA,2.67
11,10,AK,AK,2.67
12,10,AP,Armed Forces Pacific,2.67
13,10,AP,AP,2.67
14,10,AS,AMERICAN SAMOA,2.67
15,10,AS,AS,2.67
16,10,AZ,ARIZONA,2.67
17,10,AZ,AZ,2.67
18,10,AR,ARKANSAS,2.67
19,10,AR,AR,2.67
20,10,BC,BRITISH COLUMBIA,2.67
21,10,BC,BC,2.67
22,10,CA,CALIFORNIA,2.67
23,10,CA,CA,2.67
24,10,CO,COLORADO,2.67
25,10,CO,CO,2.67
26,10,CT,CONNECTICUT,2.67
27,10,CT,CT,2.67
28,10,DE,DELAWARE,2.67
29,10,DE,DE,2.67
30,10,FL,FLORIDA,2.67
31,10,FL,FL,2.67
32,10,FM,FEDERAED STATES OF MICRONESIA,2.67
33,10,FM,FM,2.67
34,10,GA,GEORGIA,2.67
35,10,GA,GA,2.67
36,10,GU,GUAM,2.67
37,10,GU,GU,2.67
38,10,HI,HAWAII,2.67
39,10,HI,HI,2.67
40,10,ID,IDAHO,2.67
41,10,ID,ID,2.67
42,10,IL,ILLINOIS,2.67
43,10,IL,ILLINIOS,2.67
44,10,IL,IL,2.67
45,10,IN,INDIANA,2.67
46,10,IN,INDANIA,2.67
47,10,IN,IN,2.67
48,10,IA,IOWA,2.67
49,10,IA,IA,2.67
50,10,KS,KANSAS,2.67
51,10,KS,KS,2.67
52,10,KY,KENTUCKY,2.67
53,10,KY,KY,2.67
54,10,LA,LOUISIANA,2.67
55,10,LA,LA,2.67
56,10,MB,MANITOBA,2.67
57,10,MB,MB,2.67
58,10,ME,MAINE,2.67
59,10,ME,ME,2.67
60,10,MD,MARYLAND,2.67
61,10,MD,MD,2.67
62,10,MA,MASSACHUSETTS,2.67
63,10,MA,MA,2.67
64,10,MH,MARSHALL ISLANDS,2.67
65,10,MH,MH,2.67
66,10,MI,MICHIGAN,2.67
67,10,MI,MI,2.67
68,10,MN,MINNESOTA,2.67
69,10,MN,MN,2.67
70,10,MP,NORTHERN MARIANA ISLANDS,2.67
71,10,MP,NORTH MARIANA ISLANDS,2.67
72,10,MP,N MARIANA ISLANDS,2.67
73,10,MP,N. MARIANA ISLANDS,2.67
74,10,MP,MP,2.67
75,10,MS,MISSISSIPPI,2.67
76,10,MS,MS,2.67
77,10,MO,MISSOURI,2.67
78,10,MO,MO,2.67
79,10,MT,MONTANA,2.67
80,10,MT,MT,2.67
81,10,NC,NORTH CAROLINA,2.67
82,10,NC,N. CAROLINA,2.67
83,10,NC,N CAROLINA,2.67
84,10,NC,NC,2.67
85,10,NE,NEBRASKA,2.67
86,10,NE,NE,2.67
87,10,NF,NEWFOUNDLAND,2.67
88,10,NF,TERRE NEUVE,2.67
89,10,NF,NF,2.67
90,10,NV,NEVADA,2.67
91,10,NV,NV,2.67
92,10,NH,NEW HAMPSHIRE,2.67
93,10,NH,NH,2.67
94,10,NJ,NEW JERSEY,2.67
95,10,NJ,NJ,2.67
96,10,NM,NEW MEXICO,2.67
97,10,NM,NM,2.67
98,10,ND,NORTH DAKOTA,2.67
99,10,ND,N. DAKOTA,2.67
100,10,ND,N DAKOTA,2.67
101,10,ND,ND,2.67
102,10,NT,NORTHWEST TERRITORIES,2.67
103,10,NT,TERRITOIRES DU NORD-QUEST,2.67
104,10,NT,NT,2.67
105,10,NS,NOVA SCOTIA,2.67
106,10,NS,NOUVELLE ECOSSE,2.67
107,10,NS,NS,2.67
108,10,NU,NUNAVUT,2.67
109,10,NU,NU,2.67
110,10,NY,NEW YORK,2.67
111,10,NY,NY,2.67
112,10,OH,OHIO,2.67
113,10,OH,OH,2.67
114,10,OK,OKLAHOMA,2.67
115,10,OK,OK,2.67
116,10,ON,ONTARIO,2.67
117,10,ON,ON,2.67
118,10,OR,OREGON,2.67
119,10,OR,OR,2.67
120,10,PA,PENNSYLVANIA,2.67
121,10,PA,PA,2.67
122,10,PE,PRINCE EDWARD ISLAND,2.67
123,10,PE,LLE DU PRINCE EDWARD,2.67
124,10,PE,PE,2.67
125,10,PR,PUERTO RICO,2.67
126,10,PR,PR,2.67
127,10,PW,PALAU,2.67
128,10,PW,PW,2.67
129,10,RI,RHODE ISLAND,2.67
130,10,RI,RI,2.67
131,10,QC,QUEBEC,2.67
132,10,QC,QC,2.67
133,10,SC,SOUTH CAROLINA,2.67
134,10,SC,S. CAROLINA,2.67
135,10,SC,S CAROLINA,2.67
136,10,SC,SC,2.67
137,10,SD,SOUTH DAKOTA,2.67
138,10,SD,S. DAKOTA,2.67
139,10,SD,S DAKOTA,2.67
140,10,SD,SD,2.67
141,10,SK,SASKATCHEWAN,2.67
142,10,SK,SK,2.67
143,10,TN,TENNESSEE,2.67
144,10,TN,TN,2.67
145,10,TX,TEXAS,2.67
146,10,TX,TX,2.67
147,10,UT,UTAH,2.67
148,10,UT,UT,2.67
149,10,VT,VERMONT,2.67
150,10,VT,VT,2.67
151,10,VI,VIRGIN ISLANDS,2.67
152,10,VI,VI,2.67
153,10,VA,VIRGINIA,2.67
154,10,VA,VA,2.67
155,10,WA,WASHINGTON,2.67
156,10,WA,WA,2.67
157,10,WV,WEST VIRGINIA,2.67
158,10,WV,W VIRGINIA,2.67
159,10,WV,W. VIRGINIA,2.67
160,10,WV,WV,2.67
161,10,WI,WISCONSIN,2.67
162,10,WI,WI,2.67
163,10,WY,WYOMING,2.67
164,10,WY,WY,2.67
165,10,YT,YUKON TERRITORY,2.67
166,10,YT,TERRITOIRES DU YUKON,2.67
167,10,YT,YT,2.67
1,11,abk,Abkhazian,
2,11,abk,Abkhaz,
3,11,abk,abk,
4,11,ace,Achinese,
5,11,ace,ace,
6,11,ach,Acoli,
7,11,ach,ach,
8,11,ada,Adangme,
9,11,ada,ada,
10,11,ady,Adyghe; Adygei,
11,11,ady,Adyghe,
12,11,ady,Adygei,
13,11,ady,ady,
14,11,aar,Afar,
15,11,aar,aar,
16,11,afh,Afrihili,
17,11,afh,afh,
18,11,afr,Afrikaans,
19,11,afr,afr,
20,11,afa,Afro-Asiatic (Other),
21,11,afa,Afro-Asiatic,
22,11,afa,afa,
23,11,ain,Ainu,
24,11,ain,ain,
25,11,aka,Akan,
26,11,aka,aka,
27,11,akk,Akkadian,
28,11,akk,akk,
29,11,alb,Albanian,
30,11,alb,alb,
31,11,ale,Aleut,
32,11,ale,ale,
33,11,alg,Algonquian languages,
34,11,alg,Algonquian,
35,11,alg,alg,
36,11,tut,Altaic (Other),
37,11,tut,Altaic,
38,11,tut,tut,
39,11,amh,Amharic,
40,11,amh,amh,
41,11,anp,Angika,
42,11,anp,anp,
43,11,apa,Apache languages,
44,11,apa,Apache,
45,11,apa,apa,
46,11,ara,Arabic,
47,11,ara,ara,
48,11,arg,Aragonese,
49,11,arg,arg,
50,11,arp,Arapaho,
51,11,arp,arp,
52,11,arw,Arawak,
53,11,arw,arw,
54,11,arm,Armenian,
55,11,arm,arm,
56,11,rup,Aromanian; Arumanian; Macedo-Romanian,
57,11,rup,Aromanian,
58,11,rup,Arumanian,
59,11,rup,Macedo-Romanian,
60,11,rup,rup,
61,11,art,Artificial (Other),
62,11,art,art,
63,11,asm,Assamese,
64,11,asm,asm,
65,11,aii,Assyrian,
66,11,aii,aii,
67,11,ast,Asturian; Bable; Leonese; Asturleonese,
68,11,ast,Asturian,
69,11,ast,Bable,
70,11,ast,Leonese,
71,11,ast,Asturleonese,
72,11,ast,ast,
73,11,ath,Athapascan languages,
74,11,ath,Athapascan,
75,11,ath,ath,
76,11,aus,Australian languages,
77,11,aus,Australian,
78,11,aus,aus,
79,11,map,Austronesian (Other),
80,11,map,Austronesian,
81,11,map,map,
82,11,ava,Avaric,
83,11,ava,ava,
84,11,ave,Avestan,
85,11,ave,ave,
86,11,awa,Awadhi,
87,11,awa,awa,
88,11,aym,Aymara,
89,11,aym,aym,
90,11,aze,Azerbaijani,
91,11,aze,aze,
92,11,ban,Balinese,
93,11,ban,ban,
94,11,bat,Baltic (Other),
95,11,bat,Baltic,
96,11,bat,bat,
97,11,bal,Baluchi,
98,11,bal,bal,
99,11,bam,Bambara,
100,11,bam,bam,
101,11,bai,Bamileke languages,
102,11,bai,Bamileke,
103,11,bai,bai,
104,11,bad,Banda languages,
105,11,bad,Banda,
106,11,bad,bad,
107,11,bnt,Bantu (Other),
108,11,bnt,Bantu,
109,11,bnt,bnt,
110,11,bas,Basa,
111,11,bas,bas,
112,11,bak,Bashkir,
113,11,bak,bak,
114,11,baq,Basque,
115,11,baq,baq,
116,11,btk,Batak languages,
117,11,btk,Batak,
118,11,btk,btk,
119,11,bej,Beja; Bedawiyet,
120,11,bej,Beja,
121,11,bej,Bedawiyet,
122,11,bej,bej,
123,11,bel,Belarusian,
124,11,bel,bel,
125,11,bem,Bemba,
126,11,bem,bem,
127,11,ben,Bengali,
128,11,ben,ben,
129,11,ber,Berber (Other),
130,11,ber,Berber,
131,11,ber,ber,
132,11,bho,Bhojpuri,
133,11,bho,bho,
134,11,bih,Bihari,
135,11,bih,bih,
136,11,bik,Bikol,
137,11,bik,bik,
138,11,bin,Bini; Edo,
139,11,bin,Bini,
140,11,bin,Edo,
141,11,bin,bin,
142,11,bis,Bislama,
143,11,bis,bis,
144,11,byn,Blin; Bilin,
145,11,byn,Blin,
146,11,byn,Bilin,
147,11,byn,byn,
148,11,zbl,Blissymbols; Blissymbolics; Bliss,
149,11,zbl,Blissymbols,
150,11,zbl,Blissymbolics,
151,11,zbl,Bliss,
152,11,zbl,zbl,
153,11,nob,Norwegian Bokmål,
154,11,nob,nob,
155,11,bos,Bosnian,
156,11,bos,bos,
157,11,bra,Braj,
158,11,bra,bra,
159,11,bre,Breton,
160,11,bre,bre,
161,11,bug,Buginese,
162,11,bug,bug,
163,11,bul,Bulgarian,
164,11,bul,bul,
165,11,bua,Buriat,
166,11,bua,bua,
167,11,bur,Burmese,
168,11,bur,bur,
169,11,cad,Caddo,
170,11,cad,cad,
171,11,yue,Cantonese,
172,11,yue,Cantonese; Chinese,
173,11,yue,yue,
174,11,cat,Catalan; Valencian,
175,11,cat,Catalan,
176,11,cat,Valencian,
177,11,cat,cat,
178,11,cau,Caucasian (Other),
179,11,cau,Caucasian,
180,11,cau,cau,
181,11,ceb,Cebuano,
182,11,ceb,ceb,
183,11,cel,Celtic (Other),
184,11,cel,Celtic,
185,11,cel,cel,
186,11,cai,Central American Indian (Other),
187,11,cai,Central American Indian,
188,11,cai,cai,
189,11,khm,Central Khmer,
190,11,khm,khm,
191,11,chg,Chagatai,
192,11,chg,chg,
193,11,cmc,Chamic languages,
194,11,cmc,Chamic,
195,11,cmc,cmc,
196,11,cha,Chamorro,
197,11,cha,cha,
198,11,che,Chechen,
199,11,che,che,
200,11,chr,Cherokee,
201,11,chr,chr,
202,11,chy,Cheyenne,
203,11,chy,chy,
204,11,chb,Chibcha,
205,11,chb,chb,
206,11,nya,Chichewa; Chewa; Nyanja,
207,11,nya,Chichewa,
208,11,nya,Chewa,
209,11,nya,Nyanja,
210,11,nya,nya,
211,11,chi,Chinese,
212,11,chi,chi,
213,11,chn,Chinook jargon,
214,11,chn,Chinook,
215,11,chn,chn,
216,11,chp,Chipewyan; Dene Suline,
217,11,chp,Chipewyan,
218,11,chp,Dene Suline,
219,11,chp,chp,
220,11,cho,Choctaw,
221,11,cho,cho,
222,11,chk,Chuukese,
223,11,chk,chk,
224,11,chv,Chuvash,
225,11,chv,chv,
226,11,nwc,Classical Newari; Old Newari; Classical Nepal Bhasa,
227,11,nwc,Classical Newari,
228,11,nwc,Old Newari,
229,11,nwc,Classical Nepal Bhasa,
230,11,nwc,nwc,
231,11,syc,Classical Syriac,
232,11,syc,syc,
233,11,cop,Coptic,
234,11,cop,cop,
235,11,cor,Cornish,
236,11,cor,cor,
237,11,cos,Corsican,
238,11,cos,cos,
239,11,cre,Cree,
240,11,cre,cre,
241,11,mus,Creek,
242,11,mus,mus,
243,11,crp,Creoles and pidgins (Other),
244,11,crp,crp,
245,11,cpe,Creoles and pidgins English based (Other),
246,11,cpe,cpe,
247,11,cpf,Creoles and pidgins French-based (Other),
248,11,cpf,cpf,
249,11,cpp,Creoles and pidgins Portuguese-based (Other),
250,11,cpp,cpp,
251,11,crh,Crimean Tatar; Crimean Turkish,
252,11,crh,Crimean Tatar,
253,11,crh,Crimean Turkish,
254,11,crh,crh,
255,11,hrv,Croatian,
256,11,hrv,hrv,
257,11,cus,Cushitic (Other),
258,11,cus,Cushitic,
259,11,cus,cus,
260,11,cze,Czech,
261,11,cze,cze,
262,11,dak,Dakota,
263,11,dak,dak,
264,11,dan,Danish,
265,11,dan,dan,
266,11,dar,Dargwa,
267,11,dar,dar,
268,11,prs,Dari,
269,11,prs,prs,
270,11,del,Delaware,
271,11,del,del,
272,11,din,Dinka,
273,11,din,din,
274,11,div,Divehi; Dhivehi; Maldivian,
275,11,div,Divehi,
276,11,div,Dhivehi,
277,11,div,Maldivian,
278,11,div,div,
279,11,doi,Dogri,
280,11,doi,doi,
281,11,dgr,Dogrib,
282,11,dgr,dgr,
283,11,dra,Dravidian (Other),
284,11,dra,Dravidian,
285,11,dra,dra,
286,11,dua,Duala,
287,11,dua,dua,
288,11,dut,Dutch; Flemish,
289,11,dut,Dutch,
290,11,dut,Flemish,
291,11,dut,dut,
292,11,dyu,Dyula,
293,11,dyu,dyu,
294,11,dzo,Dzongkha,
295,11,dzo,dzo,
296,11,frs,Eastern Frisian,
297,11,frs,frs,
298,11,efi,Efik,
299,11,efi,efi,
300,11,eka,Ekajuk,
301,11,eka,eka,
302,11,elx,Elamite,
303,11,elx,elx,
304,11,eng,English,
305,11,eng,eng,
306,11,myv,Erzya,
307,11,myv,myv,
308,11,epo,Esperanto,
309,11,epo,epo,
310,11,est,Estonian,
311,11,est,est,
312,11,ewe,Ewe,
313,11,ewo,Ewondo,
314,11,ewo,ewo,
315,11,fan,Fang,
316,11,fan,fan,
317,11,fat,Fanti,
318,11,fat,fat,
319,11,fao,Faroese,
320,11,fao,fao,
321,11,fij,Fijian,
322,11,fij,fij,
323,11,fil,Filipino; Pilipino,
324,11,fil,Filipino,
325,11,fil,Pilipino,
326,11,fil,fil,
327,11,fin,Finnish,
328,11,fin,fin,
329,11,fiu,Finno-Ugrian (Other),
330,11,fiu,Finno-Ugrian,
331,11,fiu,fiu,
332,11,fon,Fon,
333,11,fre,French,
334,11,fre,fre,
335,11,fry,Frisian,
336,11,fry,fry,
337,11,fur,Friulian,
338,11,fur,fur,
339,11,ful,Fulah,
340,11,ful,ful,
341,11,gaa,Ga,
342,11,gaa,gaa,
343,11,gla,Gaelic; Scottish Gaelic,
344,11,gla,Gaelic,
345,11,gla,Scottish Gaelic,
346,11,gla,gla,
347,11,car,Galibi Carib,
348,11,car,car,
349,11,glg,Galician,
350,11,glg,glg,
351,11,lug,Ganda,
352,11,lug,lug,
353,11,gay,Gayo,
354,11,gay,gay,
355,11,gba,Gbaya,
356,11,gba,gba,
357,11,gez,Geez,
358,11,gez,gez,
359,11,geo,Georgian,
360,11,geo,geo,
361,11,ger,German,
362,11,ger,ger,
363,11,gem,Germanic (Other),
364,11,gem,Germanic,
365,11,gem,gem,
366,11,gil,Gilbertese,
367,11,gil,gil,
368,11,gon,Gondi,
369,11,gon,gon,
370,11,gor,Gorontalo,
371,11,gor,gor,
372,11,got,Gothic,
373,11,got,got,
374,11,grb,Grebo,
375,11,grb,grb,
376,11,gre,Greek Modern (1453-),
377,11,gre,Greek,
378,11,gre,gre,
379,11,grn,Guarani,
380,11,grn,grn,
381,11,guj,Gujarati,
382,11,guj,guj,
383,11,gwi,Gwich'in,
384,11,gwi,gwi,
385,11,hai,Haida,
386,11,hai,hai,
387,11,hat,Haitian; Haitian Creole,
388,11,hat,Haitian,
389,11,hat,Haitian Creole,
390,11,hat,hat,
391,11,hau,Hausa,
392,11,hau,hau,
393,11,haw,Hawaiian,
394,11,haw,haw,
395,11,heb,Hebrew,
396,11,heb,heb,
397,11,her,Herero,
398,11,her,her,
399,11,hil,Hiligaynon,
400,11,hil,hil,
401,11,him,Himachali,
402,11,him,him,
403,11,hin,Hindi,
404,11,hin,hin,
405,11,hmo,Hiri Motu,
406,11,hmo,hmo,
407,11,hit,Hittite,
408,11,hit,hit,
409,11,hmn,Hmong,
410,11,hmn,hmn,
411,11,hun,Hungarian,
412,11,hun,hun,
413,11,hup,Hupa,
414,11,hup,hup,
415,11,iba,Iban,
416,11,iba,iba,
417,11,ice,Icelandic,
418,11,ice,ice,
419,11,ido,Ido,
420,11,ibo,Igbo,
421,11,ibo,ibo,
422,11,ijo,Ijo languages,
423,11,ijo,Ijo,
424,11,ilo,Iloko,
425,11,ilo,ilo,
426,11,smn,Inari Sami,
427,11,smn,smn,
428,11,inc,Indic (Other),
429,11,inc,Indic,
430,11,inc,inc,
431,11,ine,Indo-European (Other),
432,11,ine,Indo-European,
433,11,ine,ine,
434,11,ind,Indonesian,
435,11,ind,ind,
436,11,inh,Ingush,
437,11,inh,inh,
438,11,ikt,Inuinnaqtun,
439,11,ikt,ikt,
440,11,ina,Interlingua (International Auxiliary Language Association),
441,11,ina,Interlingua,
442,11,ina,ina,
443,11,ile,Interlingue; Occidental,
444,11,ile,Interlingue,
445,11,ile,Occidental,
446,11,ile,ile,
447,11,iku,Inuktitut,
448,11,iku,iku,
449,11,ipk,Inupiaq,
450,11,ipk,ipk,
451,11,ira,Iranian (Other),
452,11,ira,Iranian,
453,11,ira,ira,
454,11,gle,Irish,
455,11,gle,gle,
456,11,iro,Iroquoian languages,
457,11,iro,Iroquoian,
458,11,iro,iro,
459,11,ita,Italian,
460,11,ita,ita,
461,11,jpn,Japanese,
462,11,jpn,jpn,
463,11,jav,Javanese,
464,11,jav,jav,
465,11,cjy,Jinyu Chinese,
466,11,cjy,cjy,
467,11,jrb,Judeo-Arabic,
468,11,jrb,jrb,
469,11,jpr,Judeo-Persian,
470,11,jpr,jpr,
471,11,kbd,Kabardian,
472,11,kbd,kbd,
473,11,kab,Kabyle,
474,11,kab,kab,
475,11,kac,Kachin; Jingpho,
476,11,kac,Kachin,
477,11,kac,Jingpho,
478,11,kal,Kalaallisut; Greenlandic,
479,11,kal,Kalaallisut,
480,11,kal,Greenlandic,
481,11,kal,kal,
482,11,xal,Kalmyk; Oirat,
483,11,xal,Kalmyk,
484,11,xal,Oirat,
485,11,xal,xal,
486,11,kam,Kamba,
487,11,kam,kam,
488,11,kan,Kannada,
489,11,kan,kan,
490,11,kau,Kanuri,
491,11,kau,kau,
492,11,krc,Karachay-Balkar,
493,11,krc,krc,
494,11,kaa,Kara-Kalpak,
495,11,kaa,kaa,
496,11,krl,Karelian,
497,11,krl,krl,
498,11,kar,Karen languages,
499,11,kar,Karen,
500,11,kar,kar,
501,11,kas,Kashmiri,
502,11,kas,kas,
503,11,csb,Kashubian,
504,11,csb,csb,
505,11,kaw,Kawi,
506,11,kaw,kaw,
507,11,kaz,Kazakh,
508,11,kaz,kaz,
509,11,kha,Khasi,
510,11,kha,kha,
511,11,khi,Khoisan (Other),
512,11,khi,Khoisan,
513,11,khi,khi,
514,11,khm,Khmer,
515,11,khm,khm,
516,11,kho,Khotanese,
517,11,kho,kho,
518,11,kik,Kikuyu; Gikuyu,
519,11,kik,Kikuyu,
520,11,kik,Gikuyu,
521,11,kik,kik,
522,11,kmb,Kimbundu,
523,11,kin,Kinyarwanda,
524,11,kin,kin,
525,11,kir,Kirghiz; Kyrgyz,
526,11,kir,Kyrgyz,
527,11,kir,Kirghiz,
528,11,kir,kir,
529,11,tlh,Klingon; tlhIngan-Hol,
530,11,tlh,Klingon,
531,11,tlh,tlhIngan-Hol,
532,11,tlh,tlh,
533,11,kom,Komi,
534,11,kom,kom,
535,11,kon,Kongo,
536,11,kon,kon,
537,11,kok,Konkani,
538,11,kok,kok,
539,11,kor,Korean,
540,11,kor,kor,
541,11,kos,Kosraean,
542,11,kos,kos,
543,11,kpe,Kpelle,
544,11,kpe,kpe,
545,11,kro,Kru languages,
546,11,kro,kro,
547,11,kua,Kuanyama; Kwanyama,
548,11,kua,Kuanyama,
549,11,kua,Kwanyama,
550,11,kua,kua,
551,11,kum,Kumyk,
552,11,kum,kum,
553,11,kur,Kurdish,
554,11,kur,kur,
555,11,kru,Kurukh,
556,11,kru,kru,
557,11,kut,Kutenai,
558,11,kut,kut,
559,11,lad,Ladino,
560,11,lad,lad,
561,11,lah,Lahnda,
562,11,lah,lah,
563,11,lam,Lamba,
564,11,lam,lam,
565,11,day,Land Dayak languages,
566,11,day,Land Dayak,
567,11,day,day,
568,11,lao,Lao,
569,11,lat,Latin,
570,11,lat,lat,
571,11,lav,Latvian,
572,11,lav,lav,
573,11,lez,Lezghian,
574,11,lez,lez,
575,11,lim,Limburgan; Limburger; Limburgish,
576,11,lim,Limburgan,
577,11,lim,Limburger,
578,11,lim,Limburgish,
579,11,lim,lim,
580,11,lin,Lingala,
581,11,lin,lin,
582,11,lit,Lithuanian,
583,11,lit,lit,
584,11,jbo,Lojban,
585,11,jbo,jbo,
586,11,nds,Low German; Low Saxon; German,
587,11,nds,Low German,
588,11,nds,Low Saxon,
589,11,nds,nds,
590,11,dsb,Lower Sorbian,
591,11,dsb,dsb,
592,11,loz,Lozi,
593,11,loz,loz,
594,11,lub,Luba-Katanga,
595,11,lub,lub,
596,11,lua,Luba-Lulua,
597,11,lua,lua,
598,11,lui,Luiseno,
599,11,lui,lui,
600,11,smj,Lule Sami,
601,11,smj,smj,
602,11,lun,Lunda,
603,11,lun,lun,
604,11,luo,Luo (Kenya and Tanzania),
605,11,luo,luo,
606,11,lus,Lushai,
607,11,lus,lus,
608,11,ltz,Luxembourgish; Letzeburgesch,
609,11,ltz,Luxembourgish,
610,11,ltz,Letzeburgesch,
611,11,ltz,ltz,
612,11,mac,Macedonian,
613,11,mac,mac,
614,11,mad,Madurese,
615,11,mad,mad,
616,11,mag,Magahi,
617,11,mag,mag,
618,11,mai,Maithili,
619,11,mai,mai,
620,11,mak,Makasar,
621,11,mak,mak,
622,11,mlg,Malagasy,
623,11,mlg,mlg,
624,11,may,Malay,
625,11,may,may,
626,11,mal,Malayalam,
627,11,mal,mal,
628,11,mlt,Maltese,
629,11,mlt,mlt,
630,11,cmn,Mandarin,
631,11,cmn,Mandarin Chinese,
632,11,cmn,cmn,
633,11,mnc,Manchu,
634,11,mnc,mnc,
635,11,mdr,Mandar,
636,11,mdr,mdr,
637,11,man,Mandingo,
638,11,man,man,
639,11,mni,Manipuri,
640,11,mni,mni,
641,11,mno,Manobo languages,
642,11,mno,Manobo,
643,11,mno,mno,
644,11,glv,Manx,
645,11,glv,glv,
646,11,mao,Maori,
647,11,mao,mao,
648,11,arn,Mapudungun; Mapuche,
649,11,arn,Mapudungun,
650,11,arn,Mapuche,
651,11,arn,arn,
652,11,mar,Marathi,
653,11,mar,mar,
654,11,chm,Mari,
655,11,chm,chm,
656,11,mah,Marshallese,
657,11,mah,mah,
658,11,mwr,Marwari,
659,11,mwr,mwr,
660,11,mas,Masai,
661,11,mas,mas,
662,11,myn,Mayan languages,
663,11,myn,Mayan,
664,11,myn,myn,
665,11,men,Mende,
666,11,men,men,
667,11,mic,Mi'kmaq; Micmac,
668,11,mic,Mi'kmaq,
669,11,mic,Micmac,
670,11,mic,mic,
671,11,min,Minangkabau,
672,11,min,min,
673,11,mwl,Mirandese,
674,11,mwl,mwl,
675,11,moh,Mohawk,
676,11,moh,moh,
677,11,mdf,Moksha,
678,11,mdf,mdf,
679,11,mol,Moldavian; Moldovan,
680,11,mol,Moldovan,
681,11,mol,Moldavian,
682,11,mol,mol,
683,11,lol,Mongo,
684,11,lol,lol,
685,11,mon,Mongolian,
686,11,mon,mon,
687,11,mkh,Mon-Khmer (Other),
688,11,mkh,Mon-Khmer,
689,11,mkh,mkh,
690,11,cnr,Montenegrin,
691,11,cnr,cnr,
692,11,mos,Mossi,
693,11,mos,mos,
694,11,mul,Multiple languages,
695,11,mun,Munda languages,
696,11,mun,Munda,
697,11,mun,mun,
698,11,nah,Nahuatl languages,
699,11,nah,Nahuatl,
700,11,nah,nah,
701,11,nau,Nauru,
702,11,nau,nau,
703,11,nav,Navajo; Navaho,
704,11,nav,Navajo,
705,11,nav,Navaho,
706,11,nav,nav,
707,11,nde,Ndebele,
708,11,nde,nde,
709,11,nde,Ndebele North; North Ndebele,
710,11,nde,Ndebele North,
711,11,nde,North Ndebele,
712,11,nde,nde,
713,11,nbl,Ndebele South; South Ndebele,
714,11,nbl,Ndebele South,
715,11,nbl,South Ndebele,
716,11,nbl,nbl,
717,11,ndo,Ndonga,
718,11,ndo,ndo,
719,11,nap,Neapolitan,
720,11,nap,nap,
721,11,new,Nepal Bhasa; Newari,
722,11,new,Nepal Bhasa,
723,11,new,Newari,
724,11,new,new,
725,11,nep,Nepali,
726,11,nep,nep,
727,11,nia,Nias,
728,11,nia,nia,
729,11,nic,Niger-Kordofanian (Other),
730,11,nic,Niger-Kordofanian,
731,11,nic,nic,
732,11,ssa,Nilo-Saharan (Other),
733,11,ssa,Nilo-Saharan,
734,11,ssa,ssa,
735,11,niu,Niuean,
736,11,niu,niu,
737,11,nqo,N'Ko,
738,11,nqo,nqo,
739,11,zxx,No linguistic content; Not applicable,
740,11,zxx,No linguistic content,
741,11,zxx,zxx,
742,11,nog,Nogai,
743,11,nog,nog,
744,11,nai,North American Indian,
745,11,nai,nai,
746,11,frr,Northern Frisian,
747,11,frr,frr,
748,11,sme,Northern Sami,
749,11,sme,sme,
750,11,nor,Norwegian,
751,11,nor,nor,
752,11,nno,Norwegian Nynorsk; Nynorsk Norwegian,
753,11,nno,Norwegian Nynorsk,
754,11,nno,Nynorsk Norwegian,
755,11,nno,Nynorsk,
756,11,nno,nno,
757,11,nub,Nubian languages,
758,11,nub,Nubian,
759,11,nub,nub,
760,11,nym,Nyamwezi,
761,11,nym,nym,
762,11,nyn,Nyankole,
763,11,nyn,nyn,
764,11,nyo,Nyoro,
765,11,nyo,nyo,
766,11,nzi,Nzima,
767,11,nzi,nzi,
768,11,oci,Occitan (post 1500); Provençal,
769,11,oci,Occitan (post 1500),
770,11,oci,Occitan,
771,11,oci,Provençal,
772,11,oci,oci,
773,11,oji,Ojibwa,
774,11,oji,oji,
775,11,ori,Oriya,
776,11,ori,ori,
777,11,orm,Oromo,
778,11,orm,orm,
779,11,osa,Osage,
780,11,osa,osa,
781,11,oss,Ossetian; Ossetic,
782,11,oss,Ossetian,
783,11,oss,Ossetic,
784,11,oss,oss,
785,11,oto,Otomian languages,
786,11,oto,Otomian,
787,11,oto,oto,
788,11,pal,Pahlavi,
789,11,pal,pal,
790,11,pau,Palauan,
791,11,pau,pau,
792,11,pli,Pali,
793,11,pli,pli,
794,11,pam,Pampanga; Kapampangan,
795,11,pam,Pampanga,
796,11,pam,Kapampangan,
797,11,pam,pam,
798,11,pag,Pangasinan,
799,11,pag,pag,
800,11,pan,Panjabi,
801,11,pan,pan,
802,11,pap,Papiamento,
803,11,pap,pap,
804,11,paa,Papuan (Other),
805,11,paa,Papuan,
806,11,paa,paa,
807,11,pus,Pushto; Pashto,
808,11,pus,Pashto,
809,11,pus,Pushto,
810,11,pus,pus,
811,11,pst,Central Pashto,
812,11,pst,pst,
813,11,pbt,Southern Pashto,
814,11,pbt,pbt,
815,11,nso,Pedi; Sepedi; Northern Sotho,
816,11,nso,Pedi,
817,11,nso,Sepedi,
818,11,nso,Northern Sotho,
819,11,nso,nso,
820,11,per,Persian,
821,11,per,per,
822,11,phi,Philippine (Other),
823,11,phi,Philippine,
824,11,phi,phi,
825,11,phn,Phoenician,
826,11,phn,phn,
827,11,pon,Pohnpeian,
828,11,pon,pon,
829,11,pol,Polish,
830,11,pol,pol,
831,11,por,Portuguese,
832,11,por,por,
833,11,pra,Prakrit languages,
834,11,pra,Prakrit,
835,11,pra,pra,
836,11,pan,Punjabi,
837,11,pan,pan,
838,11,que,Quechua,
839,11,que,que,
840,11,raj,Rajasthani,
841,11,raj,raj,
842,11,rap,Rapanui,
843,11,rap,rap,
844,11,rar,Rarotongan; Cook Islands Maori,
845,11,rar,Rarotongan,
846,11,rar,Cook Islands Maori,
847,11,rar,rar,
848,11,qaa-qtz,Reserved for local use,
849,11,qaa-qtz,qaa-qtz,
850,11,roa,Romance (Other),
851,11,roa,Romance,
852,11,roa,roa,
853,11,rum,Romanian,
854,11,rum,rum,
855,11,roh,Romansh,
856,11,roh,roh,
857,11,rom,Romany,
858,11,rom,rom,
859,11,run,Rundi,
860,11,run,run,
861,11,rus,Russian,
862,11,rus,rus,
863,11,sal,Salishan languages,
864,11,sal,Salishan,
865,11,sal,sal,
866,11,sam,Samaritan Aramaic,
867,11,sam,sam,
868,11,smi,Sami languages (Other),
869,11,smi,Sami (Other),
870,11,smi,Sami,
871,11,smi,smi,
872,11,smo,Samoan,
873,11,smo,smo,
874,11,sad,Sandawe,
875,11,sad,sad,
876,11,sag,Sango,
877,11,sag,sag,
878,11,san,Sanskrit,
879,11,san,san,
880,11,sat,Santali,
881,11,sat,sat,
882,11,srd,Sardinian,
883,11,srd,srd,
884,11,sas,Sasak,
885,11,sas,sas,
886,11,sco,Scots,
887,11,sco,sco,
888,11,sel,Selkup,
889,11,sel,sel,
890,11,sem,Semitic (Other),
891,11,sem,Semitic,
892,11,sem,sem,
893,11,srp,Serbian,
894,11,srp,srp,
895,11,srr,Serer,
896,11,srr,srr,
897,11,shn,Shan,
898,11,shn,shn,
899,11,sna,Shona,
900,11,sna,sna,
901,11,iii,Sichuan Yi; Nuosu,
902,11,iii,Sichuan Yi,
903,11,iii,Nuosu,
904,11,iii,iii,
905,11,scn,Sicilian,
906,11,scn,scn,
907,11,sid,Sidamo,
908,11,sid,sid,
909,11,sgn,Sign Languages,
910,11,sgn,sgn,
911,11,bla,Siksika,
912,11,bla,bla,
913,11,snd,Sindhi,
914,11,snd,snd,
915,11,sin,Sinhala; Sinhalese,
916,11,sin,Sinhala,
917,11,sin,Sinhalese,
918,11,sin,sin,
919,11,sit,Sino-Tibetan (Other),
920,11,sit,Sino-Tibetan,
921,11,sit,sit,
922,11,sio,Siouan languages,
923,11,sio,Siouan,
924,11,sio,sio,
925,11,sms,Skolt Sami,
926,11,sms,sms,
927,11,den,Slave (Athapascan),
928,11,den,den,
929,11,sla,Slavic (Other),
930,11,sla,Slavic,
931,11,sla,sla,
932,11,slo,Slovak,
933,11,slo,slo,
934,11,slv,Slovenian,
935,11,slv,Slovene,
936,11,slv,slv,
937,11,sog,Sogdian,
938,11,sog,sog,
939,11,som,Somali,
940,11,som,som,
941,11,son,Songhai languages,
942,11,son,Songhai,
943,11,son,son,
944,11,snk,Soninke,
945,11,snk,snk,
946,11,wen,Sorbian languages,
947,11,wen,Sorbian,
948,11,wen,wen,
949,11,sot,Sotho Southern,
950,11,sot,sot,
951,11,sai,South American Indian (Other),
952,11,sai,South American Indian,
953,11,sai,sai,
954,11,alt,Southern Altai,
955,11,alt,alt,
956,11,sma,Southern Sami,
957,11,sma,sma,
958,11,spa,Spanish; Castilian,
959,11,spa,Spanish,
960,11,spa,Castilian,
961,11,spa,spa,
962,11,srn,Sranan Tongo,
963,11,srn,srn,
964,11,suk,Sukuma,
965,11,suk,suk,
966,11,sux,Sumerian,
967,11,sux,sux,
968,11,sun,Sundanese,
969,11,sun,sun,
970,11,sus,Susu,
971,11,sus,sus,
972,11,swa,Swahili,
973,11,swa,swa,
974,11,ssw,Swati,
975,11,ssw,ssw,
976,11,swe,Swedish,
977,11,swe,swe,
978,11,gsw,Swiss German,
979,11,gsw,Alemannic,
980,11,gsw,Alsatian,
981,11,gsw,gsw,
982,11,syr,Syriac,
983,11,syr,syr,
984,11,tgl,Tagalog,
985,11,tgl,tgl,
986,11,tah,Tahitian,
987,11,tah,tah,
988,11,tai,Tai (Other),
989,11,tai,tai,
990,11,tgk,Tajik,
991,11,tgk,tgk,
992,11,tmh,Tamashek,
993,11,tmh,tmh,
994,11,tam,Tamil,
995,11,tam,tam,
996,11,tat,Tatar,
997,11,tat,tat,
998,11,tel,Telugu,
999,11,tel,tel,
1000,11,ter,Tereno,
1001,11,ter,ter,
1002,11,tet,Tetum,
1003,11,tet,tet,
1004,11,tha,Thai,
1005,11,tha,tha,
1006,11,tib,Tibetan,
1007,11,tib,tib,
1008,11,tig,Tigre,
1009,11,tig,tig,
1010,11,tir,Tigrinya,
1011,11,tir,tir,
1012,11,tem,Timne,
1013,11,tem,tem,
1014,11,tiv,Tiv,
1015,11,tli,Tlingit,
1016,11,tli,tli,
1017,11,tpi,Tok Pisin,
1018,11,tpi,tpi,
1019,11,tkl,Tokelau,
1020,11,tkl,tkl,
1021,11,tog,Tonga (Nyasa),
1022,11,tog,tog,
1023,11,ton,Tonga (Tonga Islands),
1024,11,ton,ton,
1025,11,tsi,Tsimshian,
1026,11,tsi,tsi,
1027,11,tso,Tsonga,
1028,11,tso,tso,
1029,11,tsn,Tswana,
1030,11,tsn,tsn,
1031,11,tum,Tumbuka,
1032,11,tum,tum,
1033,11,tup,Tupi languages,
1034,11,tup,Tupi,
1035,11,tup,tup,
1036,11,tur,Turkish,
1037,11,tur,tur,
1038,11,tuk,Turkmen,
1039,11,tuk,tuk,
1040,11,tvl,Tuvalu,
1041,11,tvl,tvl,
1042,11,tyv,Tuvinian,
1043,11,tyv,tyv,
1044,11,twi,Twi,
1045,11,udm,Udmurt,
1046,11,udm,udm,
1047,11,uga,Ugaritic,
1048,11,uga,uga,
1049,11,uig,Uighur,
1050,11,uig,Uyghur,
1051,11,uig,uig,
1052,11,ukr,Ukrainian,
1053,11,ukr,ukr,
1054,11,umb,Umbundu,
1055,11,umb,umb,
1056,11,mis,Uncoded languages,
1057,11,mis,mis,
1058,11,und,Undetermined,
1059,11,und,und,
1060,11,hsb,Upper Sorbian,
1061,11,hsb,hsb,
1062,11,urd,Urdu,
1063,11,urd,urd,
1064,11,uzb,Uzbek,
1065,11,uzb,uzb,
1066,11,vai,Vai,
1067,11,ven,Venda,
1068,11,ven,ven,
1069,11,vie,Vietnamese,
1070,11,vie,vie,
1071,11,vol,Volapük,
1072,11,vol,vol,
1073,11,vot,Votic,
1074,11,vot,vot,
1075,11,wak,Wakashan languages,
1076,11,wak,Wakashan,
1077,11,wak,wak,
1078,11,wal,Walamo,
1079,11,wal,wal,
1080,11,wln,Walloon,
1081,11,wln,wln,
1082,11,war,Waray,
1083,11,war,war,
1084,11,was,Washo,
1085,11,was,was,
1086,11,wel,Welsh,
1087,11,wel,wel,
1088,11,fry,Western Frisian,
1089,11,fry,fry,
1090,11,wol,Wolof,
1091,11,wol,wol,
1092,11,xho,Xhosa,
1093,11,xho,xho,
1094,11,sah,Yakut,
1095,11,sah,sah,
1096,11,yao,Yao,
1097,11,yap,Yapese,
1098,11,yap,yap,
1099,11,yid,Yiddish,
1100,11,yid,yid,
1101,11,yor,Yoruba,
1102,11,yor,yor,
1103,11,ypk,Yupik languages,
1104,11,ypk,Yupik,
1105,11,ypk,ypk,
1106,11,znd,Zande languages,
1107,11,znd,Zande,
1108,11,znd,znd,
1109,11,zap,Zapotec,
1110,11,zap,zap,
1111,11,zza,Zaza; Dimili; Dimli; Kirdki; Kirmanjki; Zazaki,
1112,11,zza,Zaza,
1113,11,zza,Dimili,
1114,11,zza,Dimli,
1115,11,zza,Kirdki,
1116,11,zza,Kirmanjki,
1117,11,zza,Zazaki,
1118,11,zza,zza,
1119,11,zen,Zenaga,
1120,11,zen,zen,
1121,11,zha,Zhuang; Chuang,
1122,11,zha,Chuang,
1123,11,zha,zha,
1124,11,zul,Zulu,
1125,11,zul,zul,
1126,11,zun,Zuni,
1127,11,zun,zun,
